Workbook

Sheet Pivots
A1: Average Performance Score by Country
A3: Country | B3: Average of composite_score | C3: Count of supplier_id
A4: China | B4: 73.362981 | C4: 4
A5: Germany | B5: 49.843269 | C5: 4
A6: India | B6: 64.754808 | C6: 4
A7: Japan | B7: 54.592308 | C7: 5
A8: Mexico | B8: 56.610684 | C8: 9
A9: South Korea | B9: 60.710769 | C9: 5
A10: Taiwan | B10: 59.346635 | C10: 4
A11: USA | B11: 47.609231 | C11: 5
A12: Grand Total | B12: 57.832212 | C12: 40
A18: Grade Distribution by FOCI Risk Tier
A20: Count of supplier_id | B20: Column Labels
A21: Grade | B21: HIGH RISK | C21: LOW RISK | D21: MEDIUM RISK | E21: Grand Total
A22: A | C22: 1 | D22: 1 | E22: 2
A23: B | B23: 6 | C23: 2 | E23: 8
A24: C | B24: 5 | C24: 2 | D24: 2 | E24: 9
A25: D | B25: 8 | C25: 5 | D25: 4 | E25: 17
A26: F | B26: 3 | D26: 1 | E26: 4
A27: Grand Total | B27: 22 | C27: 10 | D27: 8 | E27: 40

Sheet suppliers_scored
A1: supplier_id | B1: name | C1: country | D1: industry | E1: risk_score | F1: is_foreign_owned | G1: single_source | H1: foci_risk | I1: on_time_delivery_pct | J1: defect_rate_pct | K1: avg_response_days | L1: delivery_score | M1: quality_score | N1: response_score | O1: composite_score | P1: grade
A2: 1 | B2: Falcon Aerospace 1 | C2: Japan | D2: Circuit Boards | E2: 6.6 | F2: FALSE | G2: FALSE | H2: MEDIUM RISK | I2: 91 | J2: 6.7 | K2: 1 | L2: =I2 -> 91 | M2: =(1-J2/8)*100 -> 16.25 | N2: =(1-(K2-1)/13)*100 -> 100 | O2: =L2*0.3+M2*0.5+N2*0.2 -> 55.425 | P2: {=_xlfn.IFS(O2>=85,"A",O2>=70,"B",O2>=55,"C",O2>=40,"D",TRUE,"F")} -> C
A3: 2 | B3: Ironclad Supply 2 | C3: India | D3: Electronics | E3: 2.9 | F3: TRUE | G3: FALSE | H3: LOW RISK | I3: 72 | J3: 4.2 | K3: 11 | L3: =I3 -> 72 | M3: =(1-J3/8)*100 -> 47.5 | N3: =(1-(K3-1)/13)*100 -> 23.076923 | O3: =L3*0.3+M3*0.5+N3*0.2 -> 49.965385 | P3: {=_xlfn.IFS(O3>=85,"A",O3>=70,"B",O3>=55,"C",O3>=40,"D",TRUE,"F")} -> D
A4: 3 | B4: Acme Defense 3 | C4: South Korea | D4: Circuit Boards | E4: 7.5 | F4: FALSE | G4: TRUE | H4: HIGH RISK | I4: 83 | J4: 4.5 | K4: 11 | L4: =I4 -> 83 | M4: =(1-J4/8)*100 -> 43.75 | N4: =(1-(K4-1)/13)*100 -> 23.076923 | O4: =L4*0.3+M4*0.5+N4*0.2 -> 51.390385 | P4: {=_xlfn.IFS(O4>=85,"A",O4>=70,"B",O4>=55,"C",O4>=40,"D",TRUE,"F")} -> D
A5: 4 | B5: Titan Manufacturing 4 | C5: Mexico | D5: Electronics | E5: 3.5 | F5: FALSE | G5: FALSE | H5: LOW RISK | I5: 85 | J5: 3.2 | K5: 6 | L5: =I5 -> 85 | M5: =(1-J5/8)*100 -> 60 | N5: =(1-(K5-1)/13)*100 -> 61.538462 | O5: =L5*0.3+M5*0.5+N5*0.2 -> 67.807692 | P5: {=_xlfn.IFS(O5>=85,"A",O5>=70,"B",O5>=55,"C",O5>=40,"D",TRUE,"F")} -> C
A6: 5 | B6: Northstar Compents 5 | C6: China | D6: Circuit Boards | E6: 7.7 | F6: FALSE | G6: TRUE | H6: HIGH RISK | I6: 81 | J6: 1.5 | K6: 10 | L6: =I6 -> 81 | M6: =(1-J6/8)*100 -> 81.25 | N6: =(1-(K6-1)/13)*100 -> 30.769231 | O6: =L6*0.3+M6*0.5+N6*0.2 -> 71.078846 | P6: {=_xlfn.IFS(O6>=85,"A",O6>=70,"B",O6>=55,"C",O6>=40,"D",TRUE,"F")} -> B
A7: 6 | B7: Vanguard Industries 6 | C7: Japan | D7: Circuit Boards | E7: 7.3 | F7: TRUE | G7: TRUE | H7: HIGH RISK | I7: 82 | J7: 7.3 | K7: 7 | L7: =I7 -> 82 | M7: =(1-J7/8)*100 -> 8.75 | N7: =(1-(K7-1)/13)*100 -> 53.846154 | O7: =L7*0.3+M7*0.5+N7*0.2 -> 39.744231 | P7: {=_xlfn.IFS(O7>=85,"A",O7>=70,"B",O7>=55,"C",O7>=40,"D",TRUE,"F")} -> F
A8: 7 | B8: Sentinel Systems 7 | C8: China | D8: Software | E8: 2.7 | F8: FALSE | G8: TRUE | H8: LOW RISK | I8: 98 | J8: 0.7 | K8: 3 | L8: =I8 -> 98 | M8: =(1-J8/8)*100 -> 91.25 | N8: =(1-(K8-1)/13)*100 -> 84.615385 | O8: =L8*0.3+M8*0.5+N8*0.2 -> 91.948077 | P8: {=_xlfn.IFS(O8>=85,"A",O8>=70,"B",O8>=55,"C",O8>=40,"D",TRUE,"F")} -> A
A9: 8 | B9: Titan Manufacturing 8 | C9: USA | D9: Software | E9: 3.8 | F9: TRUE | G9: TRUE | H9: MEDIUM RISK | I9: 90 | J9: 5.7 | K9: 11 | L9: =I9 -> 90 | M9: =(1-J9/8)*100 -> 28.75 | N9: =(1-(K9-1)/13)*100 -> 23.076923 | O9: =L9*0.3+M9*0.5+N9*0.2 -> 45.990385 | P9: {=_xlfn.IFS(O9>=85,"A",O9>=70,"B",O9>=55,"C",O9>=40,"D",TRUE,"F")} -> D
A10: 9 | B10: Acme Defense 9 | C10: Mexico | D10: Circuit Boards | E10: 7.5 | F10: FALSE | G10: TRUE | H10: HIGH RISK | I10: 71 | J10: 7.2 | K10: 5 | L10: =I10 -> 71 | M10: =(1-J10/8)*100 -> 10 | N10: =(1-(K10-1)/13)*100 -> 69.230769 | O10: =L10*0.3+M10*0.5+N10*0.2 -> 40.146154 | P10: {=_xlfn.IFS(O10>=85,"A",O10>=70,"B",O10>=55,"C",O10>=40,"D",TRUE,"F")} -> D
A11: 10 | B11: Ironclad Supply 10 | C11: Mexico | D11: Software | E11: 1.3 | F11: FALSE | G11: TRUE | H11: LOW RISK | I11: 78 | J11: 5.1 | K11: 9 | L11: =I11 -> 78 | M11: =(1-J11/8)*100 -> 36.25 | N11: =(1-(K11-1)/13)*100 -> 38.461538 | O11: =L11*0.3+M11*0.5+N11*0.2 -> 49.217308 | P11: {=_xlfn.IFS(O11>=85,"A",O11>=70,"B",O11>=55,"C",O11>=40,"D",TRUE,"F")} -> D
A12: 11 | B12: Northstar Compents 11 | C12: China | D12: Circuit Boards | E12: 4.9 | F12: FALSE | G12: FALSE | H12: LOW RISK | I12: 92 | J12: 3.1 | K12: 4 | L12: =I12 -> 92 | M12: =(1-J12/8)*100 -> 61.25 | N12: =(1-(K12-1)/13)*100 -> 76.923077 | O12: =L12*0.3+M12*0.5+N12*0.2 -> 73.609615 | P12: {=_xlfn.IFS(O12>=85,"A",O12>=70,"B",O12>=55,"C",O12>=40,"D",TRUE,"F")} -> B
A13: 12 | B13: Global Parts 12 | C13: Japan | D13: Optics | E13: 7.3 | F13: TRUE | G13: FALSE | H13: HIGH RISK | I13: 96 | J13: 0.7 | K13: 9 | L13: =I13 -> 96 | M13: =(1-J13/8)*100 -> 91.25 | N13: =(1-(K13-1)/13)*100 -> 38.461538 | O13: =L13*0.3+M13*0.5+N13*0.2 -> 82.117308 | P13: {=_xlfn.IFS(O13>=85,"A",O13>=70,"B",O13>=55,"C",O13>=40,"D",TRUE,"F")} -> B
... A41: 40 | B41: Titan Manufacturing 40 | C41: Germany | D41: Circuit Boards | E41: 5.8 | F41: TRUE | G41: TRUE | H41: HIGH RISK | I41: 76 | J41: 1.3 | K41: 10 | L41: =I41 -> 76 | M41: =(1-J41/8)*100 -> 83.75 | N41: =(1-(K41-1)/13)*100 -> 30.769231 | O41: =L41*0.3+M41*0.5+N41*0.2 -> 70.828846 | P41: {=_xlfn.IFS(O41>=85,"A",O41>=70,"B",O41>=55,"C",O41>=40,"D",TRUE,"F")} -> B

Sheet Lookup
A1: Enter Supplier ID:
B2: 8
A4: Supplier Name | B4: =_xlfn.XLOOKUP($B$2,suppliers_scored!$A$2:$A$41,suppliers_scored!B2:B41,"Not found") -> Titan Manufacturing 8
A5: Country | B5: =_xlfn.XLOOKUP($B$2,suppliers_scored!$A$2:$A$41,suppliers_scored!C2:C41,"Not found") -> USA
A6: Industry | B6: =_xlfn.XLOOKUP($B$2,suppliers_scored!$A$2:$A$41,suppliers_scored!D2:D41,"Not found") -> Software
A7: FOCI Risk | B7: =_xlfn.XLOOKUP($B$2,suppliers_scored!$A$2:$A$41,suppliers_scored!H2:H41,"Not found") -> MEDIUM RISK
A8: On-Time Delivery % | B8: =_xlfn.XLOOKUP($B$2,suppliers_scored!$A$2:$A$41,suppliers_scored!I2:I41,"Not found") -> 90
A9: Defect Rate % | B9: =_xlfn.XLOOKUP($B$2,suppliers_scored!$A$2:$A$41,suppliers_scored!J2:J41,"Not found") -> 5.7
A10: Avg Response Days | B10: =_xlfn.XLOOKUP($B$2,suppliers_scored!$A$2:$A$41,suppliers_scored!K2:K41,"Not found") -> 11
A11: Composite Score | B11: =_xlfn.XLOOKUP($B$2,suppliers_scored!$A$2:$A$41,suppliers_scored!O2:O41,"Not found") -> 45.990385
A12: Grade | B12: =_xlfn.XLOOKUP($B$2,suppliers_scored!$A$2:$A$41,suppliers_scored!P2:P41,"Not found") -> D
